{
    "forward": {
        "cpu": {
            "copy_out": 0.002665038151230584,
            "verify_out": 0.0017703816869315948,
            "total": 0.004435419838162179
        },
        "gpu": {
            "forward": 0.0037519625546608834,
            "total": 0.0037519625546608834
        },
        "meta": {
            "2048-2048-2048-cpu": {
                "forward-loss": 0.010766759925977663,
                "loss-backward-st": 0.0014710630230764126,
                "backward-st-backward-ed": 0.01090217661112547,
                "backward-ed-step-st": 2.5870605431338573e-06,
                "step-st-step-ed": 0.004355241073929566
            },
            "2048-2048-2048-cuda": {
                "forward-loss": 0.0037519625546608834,
                "loss-backward-st": 0.0003048273427610068,
                "backward-st-backward-ed": 0.0038109753191708884,
                "backward-ed-step-st": 7.186193970289636e-07,
                "step-st-step-ed": 0.0015696374491411954
            },
            "2048-2048-2048-copy": {
                "st-copy_out": 0.002665038151230584,
                "copy_out-copy_grad": 0.00257802234982398,
                "copy_grad-copy_delta_weight": 0.0025672239766634524,
                "copy_delta_weight-verify-F-out-st": 6.283504611000102e-07,
                "verify-F-out-st-verify-F-out-ed": 0.0017703816869315948,
                "verify-F-out-ed-verify-B-grad-st": 1.9312955122044745e-06,
                "verify-B-grad-st-verify-B-grad-ed": 0.0005986987405080111,
                "verify-B-grad-ed-verify-B-deltaw-st": 1.373235136270523e-06,
                "verify-B-deltaw-st-verify-B-deltaw-ed": 0.0009572670963454119
            }
        }
    },
    "backward": {
        "cpu": {
            "update": 0.004355241073929566,
            "verify_grad": 0.0005986987405080111,
            "verify_delta": 0.0009572670963454119,
            "cp_delta_w": 0.0025672239766634524,
            "cp_grad": 0.00257802234982398,
            "total": 0.011056453237270421
        },
        "gpu": {
            "backward": 0.0038109753191708884,
            "update": 0.0015696374491411954,
            "total": 0.005380612768312084
        },
        "meta": {
            "2048-2048-2048-cpu": {
                "forward-loss": 0.010766759925977663,
                "loss-backward-st": 0.0014710630230764126,
                "backward-st-backward-ed": 0.01090217661112547,
                "backward-ed-step-st": 2.5870605431338573e-06,
                "step-st-step-ed": 0.004355241073929566
            },
            "2048-2048-2048-cuda": {
                "forward-loss": 0.0037519625546608834,
                "loss-backward-st": 0.0003048273427610068,
                "backward-st-backward-ed": 0.0038109753191708884,
                "backward-ed-step-st": 7.186193970289636e-07,
                "step-st-step-ed": 0.0015696374491411954
            },
            "2048-2048-2048-copy": {
                "st-copy_out": 0.002665038151230584,
                "copy_out-copy_grad": 0.00257802234982398,
                "copy_grad-copy_delta_weight": 0.0025672239766634524,
                "copy_delta_weight-verify-F-out-st": 6.283504611000102e-07,
                "verify-F-out-st-verify-F-out-ed": 0.0017703816869315948,
                "verify-F-out-ed-verify-B-grad-st": 1.9312955122044745e-06,
                "verify-B-grad-st-verify-B-grad-ed": 0.0005986987405080111,
                "verify-B-grad-ed-verify-B-deltaw-st": 1.373235136270523e-06,
                "verify-B-deltaw-st-verify-B-deltaw-ed": 0.0009572670963454119
            }
        }
    }
}