{
    "forward": {
        "cpu": {
            "copy_out": 0.14236104822757237,
            "verify_out": 0.04337190892646446,
            "total": 0.18573295715403682
        },
        "gpu": {
            "forward": 0.890326970321265,
            "total": 0.890326970321265
        },
        "meta": {
            "8192-8192-28672-cpu": {
                "forward-loss": 1.8977017853052376,
                "loss-backward-st": 0.11907288326604411,
                "backward-st-backward-ed": 1.9512321791869212,
                "backward-ed-step-st": 2.3492810098414727e-06,
                "step-st-step-ed": 0.3601438118729423
            },
            "8192-8192-28672-cuda": {
                "forward-loss": 0.890326970321265,
                "loss-backward-st": 0.01466795016932202,
                "backward-st-backward-ed": 0.8054685018699062,
                "backward-ed-step-st": 2.377403979288771e-06,
                "step-st-step-ed": 0.07924637081537475
            },
            "8192-8192-28672-copy": {
                "st-copy_out": 0.14236104822757237,
                "copy_out-copy_grad": 0.04068410177120661,
                "copy_grad-copy_delta_weight": 0.14225035628422777,
                "copy_delta_weight-verify-F-out-st": 8.21510726150046e-07,
                "verify-F-out-st-verify-F-out-ed": 0.04337190892646446,
                "verify-F-out-ed-verify-B-grad-st": 3.412851390052349e-06,
                "verify-B-grad-st-verify-B-grad-ed": 0.03021466876181992,
                "verify-B-grad-ed-verify-B-deltaw-st": 2.7529697151894263e-06,
                "verify-B-deltaw-st-verify-B-deltaw-ed": 0.045057198949197824
            }
        }
    },
    "backward": {
        "cpu": {
            "update": 0.3601438118729423,
            "verify_grad": 0.03021466876181992,
            "verify_delta": 0.045057198949197824,
            "cp_delta_w": 0.14225035628422777,
            "cp_grad": 0.04068410177120661,
            "total": 0.6183501376393944
        },
        "gpu": {
            "backward": 0.8054685018699062,
            "update": 0.07924637081537475,
            "total": 0.8847148726852809
        },
        "meta": {
            "8192-8192-28672-cpu": {
                "forward-loss": 1.8977017853052376,
                "loss-backward-st": 0.11907288326604411,
                "backward-st-backward-ed": 1.9512321791869212,
                "backward-ed-step-st": 2.3492810098414727e-06,
                "step-st-step-ed": 0.3601438118729423
            },
            "8192-8192-28672-cuda": {
                "forward-loss": 0.890326970321265,
                "loss-backward-st": 0.01466795016932202,
                "backward-st-backward-ed": 0.8054685018699062,
                "backward-ed-step-st": 2.377403979288771e-06,
                "step-st-step-ed": 0.07924637081537475
            },
            "8192-8192-28672-copy": {
                "st-copy_out": 0.14236104822757237,
                "copy_out-copy_grad": 0.04068410177120661,
                "copy_grad-copy_delta_weight": 0.14225035628422777,
                "copy_delta_weight-verify-F-out-st": 8.21510726150046e-07,
                "verify-F-out-st-verify-F-out-ed": 0.04337190892646446,
                "verify-F-out-ed-verify-B-grad-st": 3.412851390052349e-06,
                "verify-B-grad-st-verify-B-grad-ed": 0.03021466876181992,
                "verify-B-grad-ed-verify-B-deltaw-st": 2.7529697151894263e-06,
                "verify-B-deltaw-st-verify-B-deltaw-ed": 0.045057198949197824
            }
        }
    }
}