{
    "forward": {
        "cpu": {
            "copy_out": 0.040784023503990886,
            "verify_out": 0.04265345387319301,
            "total": 0.0834374773771839
        },
        "gpu": {
            "forward": 1.0286457774506763,
            "total": 1.0286457774506763
        },
        "meta": {
            "8192-28672-8192-cpu": {
                "forward-loss": 1.8147350948581353,
                "loss-backward-st": 0.03703009916291116,
                "backward-st-backward-ed": 1.9495256457705685,
                "backward-ed-step-st": 2.1992588138326684e-06,
                "step-st-step-ed": 0.36182089927705363
            },
            "8192-28672-8192-cuda": {
                "forward-loss": 1.0286457774506763,
                "loss-backward-st": 0.00427512905778403,
                "backward-st-backward-ed": 0.8025129929660483,
                "backward-ed-step-st": 2.333834925864605e-06,
                "step-st-step-ed": 0.07925420861314744
            },
            "8192-28672-8192-copy": {
                "st-copy_out": 0.040784023503990886,
                "copy_out-copy_grad": 0.14227875247300464,
                "copy_grad-copy_delta_weight": 0.1422783147315792,
                "copy_delta_weight-verify-F-out-st": 1.1342419113250489e-06,
                "verify-F-out-st-verify-F-out-ed": 0.04265345387319301,
                "verify-F-out-ed-verify-B-grad-st": 3.425761106166434e-06,
                "verify-B-grad-st-verify-B-grad-ed": 0.028310694385002902,
                "verify-B-grad-ed-verify-B-deltaw-st": 2.814496451235832e-06,
                "verify-B-deltaw-st-verify-B-deltaw-ed": 0.033126663446347134
            }
        }
    },
    "backward": {
        "cpu": {
            "update": 0.36182089927705363,
            "verify_grad": 0.028310694385002902,
            "verify_delta": 0.033126663446347134,
            "cp_delta_w": 0.1422783147315792,
            "cp_grad": 0.14227875247300464,
            "total": 0.7078153243129875
        },
        "gpu": {
            "backward": 0.8025129929660483,
            "update": 0.07925420861314744,
            "total": 0.8817672015791957
        },
        "meta": {
            "8192-28672-8192-cpu": {
                "forward-loss": 1.8147350948581353,
                "loss-backward-st": 0.03703009916291116,
                "backward-st-backward-ed": 1.9495256457705685,
                "backward-ed-step-st": 2.1992588138326684e-06,
                "step-st-step-ed": 0.36182089927705363
            },
            "8192-28672-8192-cuda": {
                "forward-loss": 1.0286457774506763,
                "loss-backward-st": 0.00427512905778403,
                "backward-st-backward-ed": 0.8025129929660483,
                "backward-ed-step-st": 2.333834925864605e-06,
                "step-st-step-ed": 0.07925420861314744
            },
            "8192-28672-8192-copy": {
                "st-copy_out": 0.040784023503990886,
                "copy_out-copy_grad": 0.14227875247300464,
                "copy_grad-copy_delta_weight": 0.1422783147315792,
                "copy_delta_weight-verify-F-out-st": 1.1342419113250489e-06,
                "verify-F-out-st-verify-F-out-ed": 0.04265345387319301,
                "verify-F-out-ed-verify-B-grad-st": 3.425761106166434e-06,
                "verify-B-grad-st-verify-B-grad-ed": 0.028310694385002902,
                "verify-B-grad-ed-verify-B-deltaw-st": 2.814496451235832e-06,
                "verify-B-deltaw-st-verify-B-deltaw-ed": 0.033126663446347134
            }
        }
    }
}