{
    "forward": {
        "cpu": {
            "copy_out": 0.04076755339121248,
            "verify_out": 0.016412688339961335,
            "total": 0.05718024173117381
        },
        "gpu": {
            "forward": 0.26857685135736903,
            "total": 0.26857685135736903
        },
        "meta": {
            "8192-8192-8192-cpu": {
                "forward-loss": 0.5461937114100982,
                "loss-backward-st": 0.03679119752462399,
                "backward-st-backward-ed": 0.5834292237191124,
                "backward-ed-step-st": 2.1956573696212566e-06,
                "step-st-step-ed": 0.11025803708570435
            },
            "8192-8192-8192-cuda": {
                "forward-loss": 0.26857685135736903,
                "loss-backward-st": 0.004239032584975691,
                "backward-st-backward-ed": 0.2453144056019076,
                "backward-ed-step-st": 1.3295026060114515e-06,
                "step-st-step-ed": 0.022698520444967646
            },
            "8192-8192-8192-copy": {
                "st-copy_out": 0.04076755339121248,
                "copy_out-copy_grad": 0.04068008550700355,
                "copy_grad-copy_delta_weight": 0.04066456360445219,
                "copy_delta_weight-verify-F-out-st": 7.35928126155062e-07,
                "verify-F-out-st-verify-F-out-ed": 0.016412688339961335,
                "verify-F-out-ed-verify-B-grad-st": 3.3013948655508935e-06,
                "verify-B-grad-st-verify-B-grad-ed": 0.011387442099921246,
                "verify-B-grad-ed-verify-B-deltaw-st": 3.2240604149534346e-06,
                "verify-B-deltaw-st-verify-B-deltaw-ed": 0.016264061819999776
            }
        }
    },
    "backward": {
        "cpu": {
            "update": 0.11025803708570435,
            "verify_grad": 0.011387442099921246,
            "verify_delta": 0.016264061819999776,
            "cp_delta_w": 0.04066456360445219,
            "cp_grad": 0.04068008550700355,
            "total": 0.2192541901170811
        },
        "gpu": {
            "backward": 0.2453144056019076,
            "update": 0.022698520444967646,
            "total": 0.2680129260468752
        },
        "meta": {
            "8192-8192-8192-cpu": {
                "forward-loss": 0.5461937114100982,
                "loss-backward-st": 0.03679119752462399,
                "backward-st-backward-ed": 0.5834292237191124,
                "backward-ed-step-st": 2.1956573696212566e-06,
                "step-st-step-ed": 0.11025803708570435
            },
            "8192-8192-8192-cuda": {
                "forward-loss": 0.26857685135736903,
                "loss-backward-st": 0.004239032584975691,
                "backward-st-backward-ed": 0.2453144056019076,
                "backward-ed-step-st": 1.3295026060114515e-06,
                "step-st-step-ed": 0.022698520444967646
            },
            "8192-8192-8192-copy": {
                "st-copy_out": 0.04076755339121248,
                "copy_out-copy_grad": 0.04068008550700355,
                "copy_grad-copy_delta_weight": 0.04066456360445219,
                "copy_delta_weight-verify-F-out-st": 7.35928126155062e-07,
                "verify-F-out-st-verify-F-out-ed": 0.016412688339961335,
                "verify-F-out-ed-verify-B-grad-st": 3.3013948655508935e-06,
                "verify-B-grad-st-verify-B-grad-ed": 0.011387442099921246,
                "verify-B-grad-ed-verify-B-deltaw-st": 3.2240604149534346e-06,
                "verify-B-deltaw-st-verify-B-deltaw-ed": 0.016264061819999776
            }
        }
    }
}