{
    "forward": {
        "cpu": {
            "copy_out": 0.0026379458635966196,
            "verify_out": 0.0012723823731884043,
            "total": 0.003910328236785024
        },
        "gpu": {
            "forward": 0.003728246990036457,
            "total": 0.003728246990036457
        },
        "meta": {
            "2048-2048-2048-cpu": {
                "forward-loss": 0.010620635641897296,
                "loss-backward-st": 0.0013766195922297365,
                "backward-st-backward-ed": 0.011081464732303582,
                "backward-ed-step-st": 2.763204355823233e-06,
                "step-st-step-ed": 0.00411265307759985
            },
            "2048-2048-2048-cuda": {
                "forward-loss": 0.003728246990036457,
                "loss-backward-st": 0.00030531175434589386,
                "backward-st-backward-ed": 0.0038072757294124113,
                "backward-ed-step-st": 7.477133197987333e-07,
                "step-st-step-ed": 0.0015743016958870786
            },
            "2048-2048-2048-copy": {
                "st-copy_out": 0.0026379458635966196,
                "copy_out-copy_grad": 0.002573330747954389,
                "copy_grad-copy_delta_weight": 0.0025668548955086697,
                "copy_delta_weight-verify-F-out-st": 7.162365983141229e-07,
                "verify-F-out-st-verify-F-out-ed": 0.0012723823731884043,
                "verify-F-out-ed-verify-B-grad-st": 1.3935904791380496e-06,
                "verify-B-grad-st-verify-B-grad-ed": 0.0006973662195687598,
                "verify-B-grad-ed-verify-B-deltaw-st": 1.3224631944235336e-06,
                "verify-B-deltaw-st-verify-B-deltaw-ed": 0.0010866630584635633
            }
        }
    },
    "backward": {
        "cpu": {
            "update": 0.00411265307759985,
            "verify_grad": 0.0006973662195687598,
            "verify_delta": 0.0010866630584635633,
            "cp_delta_w": 0.0025668548955086697,
            "cp_grad": 0.002573330747954389,
            "total": 0.011036867999095232
        },
        "gpu": {
            "backward": 0.0038072757294124113,
            "update": 0.0015743016958870786,
            "total": 0.00538157742529949
        },
        "meta": {
            "2048-2048-2048-cpu": {
                "forward-loss": 0.010620635641897296,
                "loss-backward-st": 0.0013766195922297365,
                "backward-st-backward-ed": 0.011081464732303582,
                "backward-ed-step-st": 2.763204355823233e-06,
                "step-st-step-ed": 0.00411265307759985
            },
            "2048-2048-2048-cuda": {
                "forward-loss": 0.003728246990036457,
                "loss-backward-st": 0.00030531175434589386,
                "backward-st-backward-ed": 0.0038072757294124113,
                "backward-ed-step-st": 7.477133197987333e-07,
                "step-st-step-ed": 0.0015743016958870786
            },
            "2048-2048-2048-copy": {
                "st-copy_out": 0.0026379458635966196,
                "copy_out-copy_grad": 0.002573330747954389,
                "copy_grad-copy_delta_weight": 0.0025668548955086697,
                "copy_delta_weight-verify-F-out-st": 7.162365983141229e-07,
                "verify-F-out-st-verify-F-out-ed": 0.0012723823731884043,
                "verify-F-out-ed-verify-B-grad-st": 1.3935904791380496e-06,
                "verify-B-grad-st-verify-B-grad-ed": 0.0006973662195687598,
                "verify-B-grad-ed-verify-B-deltaw-st": 1.3224631944235336e-06,
                "verify-B-deltaw-st-verify-B-deltaw-ed": 0.0010866630584635633
            }
        }
    }
}