{
    "forward": {
        "cpu": {
            "copy_out": 0.04073451029414192,
            "verify_out": 0.04270383804303376,
            "total": 0.08343834833717567
        },
        "gpu": {
            "forward": 1.0163348875394924,
            "total": 1.0163348875394924
        },
        "meta": {
            "8192-28672-8192-cpu": {
                "forward-loss": 1.8806921075187386,
                "loss-backward-st": 0.04147484610253509,
                "backward-st-backward-ed": 2.0133995762134487,
                "backward-ed-step-st": 2.1991349677456187e-06,
                "step-st-step-ed": 0.3854969621219851
            },
            "8192-28672-8192-cuda": {
                "forward-loss": 1.0163348875394924,
                "loss-backward-st": 0.004275232206713012,
                "backward-st-backward-ed": 0.7979790075048012,
                "backward-ed-step-st": 2.457012244044466e-06,
                "step-st-step-ed": 0.07927586329962186
            },
            "8192-28672-8192-copy": {
                "st-copy_out": 0.04073451029414192,
                "copy_out-copy_grad": 0.14223452637645792,
                "copy_grad-copy_delta_weight": 0.14222819766802516,
                "copy_delta_weight-verify-F-out-st": 1.064412533602816e-06,
                "verify-F-out-st-verify-F-out-ed": 0.04270383804303376,
                "verify-F-out-ed-verify-B-grad-st": 2.560597111253028e-06,
                "verify-B-grad-st-verify-B-grad-ed": 0.02808474877631252,
                "verify-B-grad-ed-verify-B-deltaw-st": 2.4680890380702122e-06,
                "verify-B-deltaw-st-verify-B-deltaw-ed": 0.03398967669048208
            }
        }
    },
    "backward": {
        "cpu": {
            "update": 0.3854969621219851,
            "verify_grad": 0.02808474877631252,
            "verify_delta": 0.03398967669048208,
            "cp_delta_w": 0.14222819766802516,
            "cp_grad": 0.14223452637645792,
            "total": 0.7320341116332628
        },
        "gpu": {
            "backward": 0.7979790075048012,
            "update": 0.07927586329962186,
            "total": 0.8772548708044231
        },
        "meta": {
            "8192-28672-8192-cpu": {
                "forward-loss": 1.8806921075187386,
                "loss-backward-st": 0.04147484610253509,
                "backward-st-backward-ed": 2.0133995762134487,
                "backward-ed-step-st": 2.1991349677456187e-06,
                "step-st-step-ed": 0.3854969621219851
            },
            "8192-28672-8192-cuda": {
                "forward-loss": 1.0163348875394924,
                "loss-backward-st": 0.004275232206713012,
                "backward-st-backward-ed": 0.7979790075048012,
                "backward-ed-step-st": 2.457012244044466e-06,
                "step-st-step-ed": 0.07927586329962186
            },
            "8192-28672-8192-copy": {
                "st-copy_out": 0.04073451029414192,
                "copy_out-copy_grad": 0.14223452637645792,
                "copy_grad-copy_delta_weight": 0.14222819766802516,
                "copy_delta_weight-verify-F-out-st": 1.064412533602816e-06,
                "verify-F-out-st-verify-F-out-ed": 0.04270383804303376,
                "verify-F-out-ed-verify-B-grad-st": 2.560597111253028e-06,
                "verify-B-grad-st-verify-B-grad-ed": 0.02808474877631252,
                "verify-B-grad-ed-verify-B-deltaw-st": 2.4680890380702122e-06,
                "verify-B-deltaw-st-verify-B-deltaw-ed": 0.03398967669048208
            }
        }
    }
}