{
    "forward": {
        "cpu": {
            "copy_out": 0.04073895080054694,
            "verify_out": 0.016483515951822094,
            "total": 0.05722246675236903
        },
        "gpu": {
            "forward": 0.25548991229523843,
            "total": 0.25548991229523843
        },
        "meta": {
            "8192-8192-8192-cpu": {
                "forward-loss": 0.5460483049973845,
                "loss-backward-st": 0.03737383737090103,
                "backward-st-backward-ed": 0.5828012765305949,
                "backward-ed-step-st": 2.617779326565722e-06,
                "step-st-step-ed": 0.11147066409838327
            },
            "8192-8192-8192-cuda": {
                "forward-loss": 0.25548991229523843,
                "loss-backward-st": 0.0042453505088912045,
                "backward-st-backward-ed": 0.2395834207851836,
                "backward-ed-step-st": 1.3619750500359434e-06,
                "step-st-step-ed": 0.02271701669954556
            },
            "8192-8192-8192-copy": {
                "st-copy_out": 0.04073895080054694,
                "copy_out-copy_grad": 0.0406787116130061,
                "copy_grad-copy_delta_weight": 0.040665684158893975,
                "copy_delta_weight-verify-F-out-st": 8.266230926234671e-07,
                "verify-F-out-st-verify-F-out-ed": 0.016483515951822094,
                "verify-F-out-ed-verify-B-grad-st": 2.6116365606480456e-06,
                "verify-B-grad-st-verify-B-grad-ed": 0.011639195013830953,
                "verify-B-grad-ed-verify-B-deltaw-st": 2.7677321687657783e-06,
                "verify-B-deltaw-st-verify-B-deltaw-ed": 0.016700386986176066
            }
        }
    },
    "backward": {
        "cpu": {
            "update": 0.11147066409838327,
            "verify_grad": 0.011639195013830953,
            "verify_delta": 0.016700386986176066,
            "cp_delta_w": 0.040665684158893975,
            "cp_grad": 0.0406787116130061,
            "total": 0.22115464187029035
        },
        "gpu": {
            "backward": 0.2395834207851836,
            "update": 0.02271701669954556,
            "total": 0.26230043748472914
        },
        "meta": {
            "8192-8192-8192-cpu": {
                "forward-loss": 0.5460483049973845,
                "loss-backward-st": 0.03737383737090103,
                "backward-st-backward-ed": 0.5828012765305949,
                "backward-ed-step-st": 2.617779326565722e-06,
                "step-st-step-ed": 0.11147066409838327
            },
            "8192-8192-8192-cuda": {
                "forward-loss": 0.25548991229523843,
                "loss-backward-st": 0.0042453505088912045,
                "backward-st-backward-ed": 0.2395834207851836,
                "backward-ed-step-st": 1.3619750500359434e-06,
                "step-st-step-ed": 0.02271701669954556
            },
            "8192-8192-8192-copy": {
                "st-copy_out": 0.04073895080054694,
                "copy_out-copy_grad": 0.0406787116130061,
                "copy_grad-copy_delta_weight": 0.040665684158893975,
                "copy_delta_weight-verify-F-out-st": 8.266230926234671e-07,
                "verify-F-out-st-verify-F-out-ed": 0.016483515951822094,
                "verify-F-out-ed-verify-B-grad-st": 2.6116365606480456e-06,
                "verify-B-grad-st-verify-B-grad-ed": 0.011639195013830953,
                "verify-B-grad-ed-verify-B-deltaw-st": 2.7677321687657783e-06,
                "verify-B-deltaw-st-verify-B-deltaw-ed": 0.016700386986176066
            }
        }
    }
}