{
    "forward": {
        "cpu": {
            "copy_out": 0.04073280598373806,
            "verify_out": 0.043001411502507136,
            "total": 0.0837342174862452
        },
        "gpu": {
            "forward": 0.0003024190416599208,
            "total": 0.0003024190416599208
        },
        "meta": {
            "8192-28672-8192-cpu": {
                "forward-loss": 1.8112346120426392,
                "loss-backward-st": 0.040164244197744954,
                "backward-st-backward-ed": 1.9487747251789302,
                "backward-ed-step-st": 3.4309329187616387e-06,
                "step-st-step-ed": 0.3749547238372504
            },
            "8192-28672-8192-cuda": {
                "forward-loss": 0.0003024190416599208,
                "loss-backward-st": 0.0014162153312738271,
                "backward-st-backward-ed": 0.003479903866041531,
                "backward-ed-step-st": 9.444453059992892e-07,
                "step-st-step-ed": 1.5757206587586552
            },
            "8192-28672-8192-copy": {
                "st-copy_out": 0.04073280598373806,
                "copy_out-copy_grad": 0.14221650990657508,
                "copy_grad-copy_delta_weight": 0.1422093260706343,
                "copy_delta_weight-verify-F-out-st": 9.241444554100645e-07,
                "verify-F-out-st-verify-F-out-ed": 0.043001411502507136,
                "verify-F-out-ed-verify-B-grad-st": 2.6881486732274927e-06,
                "verify-B-grad-st-verify-B-grad-ed": 0.02814635025099554,
                "verify-B-grad-ed-verify-B-deltaw-st": 3.268243744969368e-06,
                "verify-B-deltaw-st-verify-B-deltaw-ed": 0.03263300179721827
            }
        }
    },
    "backward": {
        "cpu": {
            "update": 0.3749547238372504,
            "verify_grad": 0.02814635025099554,
            "verify_delta": 0.03263300179721827,
            "cp_delta_w": 0.1422093260706343,
            "cp_grad": 0.14221650990657508,
            "total": 0.7201599118626736
        },
        "gpu": {
            "backward": 0.003479903866041531,
            "update": 1.5757206587586552,
            "total": 1.5792005626246968
        },
        "meta": {
            "8192-28672-8192-cpu": {
                "forward-loss": 1.8112346120426392,
                "loss-backward-st": 0.040164244197744954,
                "backward-st-backward-ed": 1.9487747251789302,
                "backward-ed-step-st": 3.4309329187616387e-06,
                "step-st-step-ed": 0.3749547238372504
            },
            "8192-28672-8192-cuda": {
                "forward-loss": 0.0003024190416599208,
                "loss-backward-st": 0.0014162153312738271,
                "backward-st-backward-ed": 0.003479903866041531,
                "backward-ed-step-st": 9.444453059992892e-07,
                "step-st-step-ed": 1.5757206587586552
            },
            "8192-28672-8192-copy": {
                "st-copy_out": 0.04073280598373806,
                "copy_out-copy_grad": 0.14221650990657508,
                "copy_grad-copy_delta_weight": 0.1422093260706343,
                "copy_delta_weight-verify-F-out-st": 9.241444554100645e-07,
                "verify-F-out-st-verify-F-out-ed": 0.043001411502507136,
                "verify-F-out-ed-verify-B-grad-st": 2.6881486732274927e-06,
                "verify-B-grad-st-verify-B-grad-ed": 0.02814635025099554,
                "verify-B-grad-ed-verify-B-deltaw-st": 3.268243744969368e-06,
                "verify-B-deltaw-st-verify-B-deltaw-ed": 0.03263300179721827
            }
        }
    }
}